Model,MAE,RMSE,MAPE
XGBoost,8341.544096875,10798.890418451529,12.076948554955473
Prophet,8620.848419607328,11716.111849963245,12.748186102541093
SARIMA,11265.258777327022,12816.230978352505,18.141895171304462
Moving Average,11524.697426666666,17618.090678294506,14.322352818545872
ARIMA,45067.89967142337,50060.871128684674,66.0825997783348
Baseline,46612.523380000006,52035.75617133618,66.15246402056141
